序号,舆情分类,问题简述,问题细分,备注,父记录
,体验需求类,OTA建议,希望OTA更新,,
,体验需求类,更多品牌手机数字钥匙,华为/安卓手机数字钥匙,需求规划,
,体验需求类,哨兵模式需求增加项,哨兵模式视觉可选择放大,,
,体验需求类,哨兵模式需求增加项,哨兵模式灵敏度,,
,体验需求类,哨兵模式需求增加项,"哨兵模式非""常住地""常开",,
,体验需求类,哨兵模式需求增加项,哨兵模式入口放在显眼位置,,
,体验需求类,哨兵模式需求增加项,增加哨兵模式常开开关,已终止,
,体验需求类,哨兵模式需求增加项,哨兵模式鱼眼视野,,
,体验需求类,哨兵模式需求增加项,哨兵模式远程查看,,
,体验需求类,Carplay优化建议,使用carplay时PSD显示完整歌词,完成,
,体验需求类,Carplay优化建议,Carplay小屏及大屏可设置,,
,体验需求类,Carplay优化建议,蓝牙与Carplay相互抢夺车机使用权,,
,体验需求类,Carplay优化建议,语音控制carplay,,
,体验需求类,车机播放音乐优化,音质优化,已终止,
,体验需求类,车机播放音乐优化,播放本地视频,已终止,
,体验需求类,车机播放音乐优化,QQ音乐歌单模式下无法单曲收藏,,
,体验需求类,车机播放音乐优化,歌词一直残留在PSD,,
,体验需求类,车机播放音乐优化,不能回到主界面,,
,体验需求类,车机播放音乐优化,QQ音乐app增加猜你喜欢,已规划,
,体验需求类,车机播放音乐优化,EQ音乐均衡器太简单,,
,体验需求类,车机播放音乐优化,"音乐不支持杜比时,自动切换到最高音质",,
,体验需求类,车机播放音乐优化,HyperMusic歌曲少,,
,体验需求类,车机播放音乐优化,杜比音效频道素材少,,
,体验需求类,手机APP建议,手机实时查看车辆周边环境,,
,体验需求类,手机APP建议,手机及车机端可降蔚来充电桩地锁,,
,体验需求类,手机APP建议,手机APP可操作OTA下载、安装,已规划,
,体验需求类,手机APP建议,手机app座椅加热功能必须等待上个操作完成,,
,体验需求类,手机APP建议,APP直进直出功能隐藏太深,,
,体验需求类,手机APP建议,APP增加后备箱开闭控制,,
,体验需求类,手机APP建议,APP在折叠屏手机体验不好,,
,体验需求类,手机APP建议,APP后备箱显示未关闭,已终止,
,体验需求类,手机APP建议,APP可调节天幕,,
,体验需求类,手机APP建议,app加入平均速度和能耗显示,,
,体验需求类,手机APP建议,APP可预约出行温度调节,,
,体验需求类,手机APP建议,APP可预约出行使用充电桩预热,,
,体验需求类,手机APP建议,鸿蒙系统APP更新适配,,
,体验需求类,空调建议,空调同步不记忆,完成,
,体验需求类,空调建议,空调负氧离子开关记忆,,
,体验需求类,空调建议,出风口自动摆风,需求规划,
,体验需求类,空调建议,空调实体按键,完成,
,体验需求类,充电建议,车机端闪充预约,已规划,
,体验需求类,充电建议,充电历史查询,,
,体验需求类,充电建议,路特斯闪充站未纳入高德充电站筛选,,
,体验需求类,充电建议,20kw的充电站归类到慢充类别,,
,体验需求类,充电建议,家充桩共享,,
,体验需求类,充电建议,预约充电后随时可以开始或暂停,,
,体验需求类,行车记录仪需求,行车记录仪视频导出便捷化（U盘，APP等）,,
,体验需求类,行车记录仪需求,行车记录仪多视角,,
,体验需求类,座椅建议,座椅随动支撑,,
,体验需求类,座椅建议,座椅记忆安全带插上后再动作,,
,体验需求类,座椅建议,座椅不舒适,已终止,
,体验需求类,座椅建议,座椅按摩噪音优化,,
,体验需求类,座椅建议,儿童座椅插口易藏异物,,
,体验需求类,座椅建议,副驾驶座椅更多功能,已规划,
,体验需求类,座椅建议,后排安全带提醒可语音关闭,,
,体验需求类,自定义设置,负一屏快捷菜单,已规划,
,体验需求类,自定义设置,负一屏功能区自定义,,
,体验需求类,自定义设置,方向盘拨片功能自定义,,
,体验需求类,自定义设置,动能回收开关自定义,,
,体验需求类,自定义设置,自定义字体大小,,
,体验需求类,自定义设置,自定义查询能耗曲线,,
,体验需求类,自定义设置,自定义方向盘按键,,
,体验需求类,自定义设置,副驾座椅记忆位置名称自定义,,
,体验需求类,自定义设置,预约出行初始充电自定义,,
,体验需求类,自定义设置,地图收藏位置名称自定义,,
,体验需求类,更多语音功能,自定义智能语音唤醒词,已终止,
,体验需求类,增加模式,休憩模式,需求规划,
,体验需求类,增加模式,洗车模式,,
,体验需求类,增加模式,代驾模式睡眠模式,,
,体验需求类,增加模式,宠物模式,,
,体验需求类,增加模式,白天模式,完成,
,体验需求类,增加模式,露营模式,已规划,
,体验需求类,HUD显示内容优化,,需求规划,
,体验需求类,增加后排娱乐功能,,已终止,
,体验需求类,悬架高度记忆,,已规划,
,体验需求类,车机启动慢,,完成,
,体验需求类,APP图标不美观,,,
,体验需求类,对外放电,,完成,
,体验需求类,内外饰硬件升级,手套箱密码锁,,
,体验需求类,低速提示音问题,,已规划,
,体验需求类,打转向灯显示对应侧视频,,,
,体验需求类,Emeya EQ调节,,已规划,
,体验需求类,模拟声浪品质差,,,
,体验需求类,自动泊车车位识别率低,,已终止,
,体验需求类,新增档位功能,开门自动回P档位,已终止,
,体验需求类,手机APP建议,APP全屏显示,,
,体验需求类,泊车功能优化,直进直出障碍物提醒,,
,体验需求类,泊车功能优化,循迹倒车功能,,
,体验需求类,泊车功能优化,记忆泊车收藏路线名称自定义,,
,体验需求类,白天/黑夜模式自动切换,,需求规划,
,体验需求类,流媒体后视镜清洁模式,,,
,体验需求类,后备箱12V电源持续供电,,,
,体验需求类,尾翼记忆,,已规划,
,体验需求类,越野模式显示海拔,,,
,体验需求类,充电建议,手动按钮激活电池预热,,
,体验需求类,胎压显示优化,,已规划,
,体验需求类,锁车提示音,,已规划,
,体验需求类,HUD 增加Auto Hold图标,,已规划,
,体验需求类,增加怠速蠕动开关,,已终止,
,体验需求类,CSD亮度问题,,完成,
,体验需求类,窄道/障碍物靠近出AVM,,完成,
,体验需求类,主动气坝可视&可控,,,
,体验需求类,增加软件商店,,,
,体验需求类,透明底盘,,,
,体验需求类,取消行车时不能播放视频的限制,,,
,体验需求类,内外饰硬件升级,更多的氛围灯效果,,
,体验需求类,车控分享后可关闭车辆位置共享,,完成,
,体验需求类,行车记录仪需求,维保过程中关闭行车记录仪,已规划,
,体验需求类,投屏功能优化,,,
,体验需求类,驾驶员自动识别,,,
,体验需求类,地图导航优化,增加导航语音包,,
,体验需求类,增加后排液晶平板,,,
,体验需求类,悬架舒适进出,,,
,体验需求类,行车中可开启后视影像,,完成,
,体验需求类,无线充电功率小,,,
,体验需求类,拖挂时能够使用巡航功能,,,
,体验需求类,四门两盖未关提示不明显,,,
,体验需求类,脚踢开启功能可关闭,,,
,体验需求类,即插即充支持其他品牌,,,
,体验需求类,后备箱盖打开防碰撞,,,
,体验需求类,动能回收图标优化,,,
,体验需求类,充电建议,地图区分蔚来充电站（是否可用、是否免费）,已规划,
,体验需求类,挡位提示音,,,
,体验需求类,AVM转向随动,,,
,体验需求类,D或R挡时尾门限制开启,,,
,体验需求类,座椅建议,座椅记忆弹窗需自动退出,,
,体验需求类,车机智能化,,,
,体验需求类,新增更多APP,,已终止,
,体验需求类,车主手机号更改流程,,,
,体验需求类,座椅建议,副驾座椅记忆,,
,体验需求类,硬件升级,8155升级8295,,
,体验需求类,充电建议,充电时可以显示电池温度,,
,体验需求类,车外声浪模拟,,,
,体验需求类,电池温度显示,,,
,体验需求类,充电建议,车机充电站推送多选项,,
,体验需求类,智驾建议,无图UNP,,
,体验需求类,智驾建议,限速标牌准确识别,,
,体验需求类,智驾建议,智驾提升优化,,
,体验需求类,智驾建议,导航定位飘移优化,,
,体验需求类,更多语音功能,免唤醒词，一句直达,,
,体验需求类,AEB优化,AEB紧急避让,,
,体验需求类,钥匙建议,通过钥匙识别不同用户登录车机账号,,
,体验需求类,自定义设置,自定义快捷按钮增加成4个,,
,体验需求类,增加软开关,增加保持悬架高度软开关,,
,体验需求类,无网络锁车提醒,,,
,体验需求类,地图导航优化,堵车路线提醒,,
,体验需求类,车辆远程启动,,,
,体验需求类,充电建议,简化车机预约通道,,
,体验需求类,行车记录仪需求,优化行车记录仪画质,,
,体验需求类,地图导航优化,语音导航准确性,,
,体验需求类,优化360影像画质,,,
,体验需求类,悬架软硬调节,,,
,体验需求类,雷达灵敏度提升,,,
,体验需求类,充电建议,充电器用不用锁车,,
,体验需求类,可设置多个固定时段预约出行,,,
,体验需求类,AEB优化,AEB灵敏度可选,,
,体验需求类,自适应巡航优化,,,
,体验需求类,锁车后视镜折叠可选择,,,
,体验需求类,行车里程及能耗可以固定显示,,,
,体验需求类,语音助手不能切换电台,,,
,体验需求类,自定义设置,动能回收自定义,,
,体验需求类,地图优化,,,
,体验需求类,手机APP建议,APP可显示充电速率,,
,体验需求类,图标优先级设置,,,
,体验需求类,OTA下载建议,OTA后保持原有功能记忆,,
,体验需求类,音响系统优化,,,
,体验需求类,增加模式,颠簸路况特殊悬挂模式,,
,体验需求类,收音机显示优化,,,
,体验需求类,钥匙建议,2把实体钥匙,,
,体验需求类,钥匙建议,钥匙匹配座椅记忆,,
,体验需求类,疲劳警告过于频繁（海外）,,,
,体验需求类,充电建议,充电慢,,
,体验需求类,续航里程短,续航里程短,,
,体验需求类,亚马逊音乐APP不稳定,,,
,体验需求类,悬架快捷键,,,
,体验需求类,泊车功能优化,远程停车,,
,体验需求类,前后视摄像头切换,,,
,体验需求类,舒适驻车异常,,,
,体验需求类,打了转向灯变道但LKA依然报警,,,
,体验需求类,地图导航优化,全导航模式优化,,
,体验需求类,窄路辅助,,,
,体验需求类,测试摄像头报警,,,
,体验需求类,AEB优化,AEB关闭记忆,,
,体验需求类,谷歌地图规划充电（海外）,,,
,体验需求类,充电建议,可查询超充站,,
,体验需求类,使用拖车钩可以开启HWA,,,
,体验需求类,手机APP建议,APP控制充电口开启,,
,体验需求类,支持CarPlay  ultra,,,
,体验需求类,充电地图优化,,,
,体验需求类,地图导航优化,导航整条线路预览,,
,体验需求类,充电启动不落锁,,,
,体验需求类,PSD更多功能,PSD屏可调节音量,,
,体验需求类,自动识别驾驶员,,,
,体验需求类,后排屏幕娱乐功能,,,
,体验需求类,手机APP建议,APP纯净模式,,
,体验需求类,智驾建议,增大智驾提示音,,
,体验需求类,加速包,,,
,体验需求类,延长录像时间,,,
,体验需求类,活体检测,,,
,体验需求类,电动门开关显示优化,,,
,体验需求类,锁车后视镜关闭,,,
,体验需求类,手机APP建议,APP寻找充电桩优化（海外）,,
,体验需求类,发出语音指令时，车内音乐暂停或降低音量,,,
,体验需求类,方向盘按键支持收藏电台切换,,,
,体验需求类,切换驾驶模式或启动座椅按摩，恢复carplay界面,,,
,体验需求类,代步车服务,,,
,体验需求类,AEB优化,AEB选择关闭记忆（泰国）,,
,体验需求类,打转向灯显示对应侧视频（海外））,,,
,体验需求类,驾驶模式记忆（海外）,,,
,体验需求类,AEB优化,AEB紧急制动突兀感(海外）,,
,体验需求类,标称续航和实际续航可选,,,
,体验需求类,ERMD截屏功能,,,
,体验需求类,车外使用语音可以打开车窗,,,
,体验需求类,Eletre EQ调节（海外）,,,
,体验需求类,过减速带时往前窜,,,
,体验需求类,360报警音可关闭,360报警音可关闭,,
,体验需求类,记忆泊车,记忆泊车,,
,体验需求类,OTA下载建议,OTA下载进度可见,,
,体验需求类,地图导航优化,导航静音记忆,,
,体验需求类,赛道模式VTC可调（海外）,,,
,体验需求类,倒车功能建议,ERMD倒车下翻,,
,体验需求类,RAS平行车手,,,
,体验需求类,电子外后视镜折叠（海外）,,,
,体验需求类,Android Auto功能（海外）,,,
,体验需求类,限速偏移,,,
,体验需求类,下线车辆清除路线信息,,,
,体验需求类,Emeya EQ调节(海外）,,,
,体验需求类,屏幕亮度自调节（海外）,,,
,体验需求类,打开车门媒体音自动降低,,,
,体验需求类,驻车不下电,,,
,体验需求类,HUD简洁模式,,,
,体验需求类,网络浏览器,,,
,体验需求类,遥控直进直出（海外）,,,
,体验需求类,倒车功能建议,倒车影像手动选择视角,,
,体验需求类,转向灯自动关闭,,,
,体验需求类,下降地锁功能常亮,,,
,体验需求类,尾翼防夹,,,
,体验需求类,地图导航优化,车机高德优化,,
,体验需求类,手机APP建议,APP可控制座椅,,
,体验需求类,预约出行温度调节（海外）,,,
,体验需求类,测试摄像头报警（海外）,,,
,体验需求类,车辆仪表颜色调节（海外）,,,
,体验需求类,地图导航优化,导航路线规划优化（海外）,,
,体验需求类,地图导航优化,全导航模式优化(海外）,,
,体验需求类,车道保持默认关闭（海外）,,,
,体验需求类,增加模式,儿童看护模式（海外）,,
,体验需求类,地图导航优化,绿灯读秒,,
,体验需求类,尾灯常亮,,,
,体验需求类,提高赛道覆盖率,,,
尾翼选装,体验需求类,内外饰硬件升级,尾翼选装,,
,体验需求类,尾翼防磕碰,,,
,体验需求类,哨兵模式需求增加项,哨兵耗电高,,
,体验需求类,泊车功能优化,自动泊车时折叠后视镜,,
,体验需求类,ERMD折叠（海外）,,,
,体验需求类,增加防侧倾系统加装项目,,,
无线快充,体验需求类,内外饰硬件升级,无线快充,,
,体验需求类,充电桩品牌不能筛选（海外）,,,
,体验需求类,CSD屏启动慢（海外）,,,
,体验需求类,驻车舒享关闭所有灯源,,,
,体验需求类,更多语音功能,语音识别能力差,,
,体验需求类,变道辅助设置不记忆（海外）,,,
,体验需求类,影像全车速下显示,,,
,体验需求类,钥匙建议,显示实体钥匙电量,,
,体验需求类,抬头显示新增autohold标识,,,
,体验需求类,座椅侧翼记忆功能,,,
,体验需求类,手机APP建议,APP定时开空调,,
,体验需求类,手机APP建议,APP统计充电信息,,
,体验需求类,手机APP建议,APP可筛选高速服务区,,
,体验需求类,驾驶员偏好建议关联更多设置（海外）,,,
,体验需求类,开启拖车模式后不能使用HWA（海外）,,,
,体验需求类,全屏视频（海外）,,,
车辆物流状态实时查询,体验需求类,手机APP建议,车辆物流状态实时查询,,
,体验需求类,钥匙建议,根据数字钥匙自动识别驾驶员并调整相应设置(海外）,,
,体验需求类,手动滑动停车,,,
,体验需求类,取消Carplay全屏显示（海外）,,,
,体验需求类,后排屏幕娱乐功能（海外）,,,
,体验需求类,声音分区,,,
,体验需求类,手机APP建议,APP控制后备箱门开启,,
,体验需求类,接管声音可调,,,
,体验需求类,车模颜色可更改（海外）,,,
,体验需求类,疲劳警告过于频繁,,,
,体验需求类,音响低音不足（海外）,,,
,体验需求类,车机音量调节位置不方便,,,
,体验需求类,后排屏防误触（海外）,,,
,体验需求类,离车落锁考虑车内乘员（海外）,,,
,体验需求类,后排座椅放倒后引发安全带未系报警（海外）,,,
,体验需求类,电池温度显示（海外）,,,
,体验需求类,倒车功能建议,后视镜倒车下翻幅度过大（海外）,,
,体验需求类,自定义设置,方向盘按键自定义（海外）,,
,体验需求类,Carplay界面覆盖了功能菜单（海外）,,,
,体验需求类,LKA车道偏离报警过早（海外）,,,
,体验需求类,Android Auto屏幕覆盖其它功能（海外）,,,
,体验需求类,语音搜索歌曲（海外）,,,
,体验需求类,增加模式,单踏板模式（海外）,,
,体验需求类,音量随速补偿量过多（海外）,,,
,体验需求类,地图导航优化,导航时顶部功能按钮可见性差（海外）,,
,体验需求类,地图导航优化,导航或充电地图中可以筛选800V（海外）,,
,体验需求类,后备箱盖打开防碰撞（海外）,,,
QQ音乐背景,体验需求类,QQ音乐优化,QQ音乐背景,,
,体验需求类,增加模式,儿童看护模式,,
,体验需求类,USB接口充电慢(海外）,,,
,体验需求类,驾驶员自动识别并调整相应设置(海外）,,,
QQ音乐随机播放停留在第一页,体验需求类,QQ音乐优化,QQ音乐随机播放停留在第一页,,
,体验需求类,电台播放记忆,,,
,体验需求类,电动门开启力度过大,,,
,体验需求类,同时预约多个时间段充电（海外）,,,
,体验需求类,更多品牌手机数字钥匙,安卓手表钥匙,,
,体验需求类,座椅和方向盘自动加热,,,
,体验需求类,哨兵模式需求增加项,哨兵模式视角可选择放大,,
,体验需求类,车机易误触打开后备箱,,,
,体验需求类,预约出行温度调节,,,
,体验需求类,显示障碍物距离,,,
,体验需求类,行李区应急开启盖板用手难打开,,,
,体验需求类,添加声纹才能唤醒,,,
,体验需求类,1.7.0Beta语音识别显示字体过小,,,
,体验需求类,底盘升降可视化,,,
,体验需求类,地图导航优化,导航沿途规划充电（海外）,,
,体验需求类,室外后视镜和后风挡加热自动激活（海外）,,,
,体验需求类,空调硬开关下按实现风速与温度切换（海外）,,,
,体验需求类,三方充电站即插即充（海外）,,,
,体验需求类,车道控制和速度控制记忆设置（海外）,,,
,体验需求类,超速报警音可关闭（海外）,,,
,体验需求类,CSD车模颜色与实际不相符（海外）,,,
,体验需求类,蓝牙通话时行程信息不可调出（海外）,,,
,体验需求类,调速时不能以1英里为变化单位（海外）,,,
,体验需求类,Carplay分辨率差（海外）,,,
,体验需求类,新增档位功能,P挡提示音,,
,体验需求类,按座椅按键启动按摩不要弹窗,,,
,体验需求类,主驾仪表自选UI,,,
,体验需求类,CSD操作尾翼时误将尾门打开,,,
,体验需求类,直进直出功能多机型支持,,,
,体验需求类,AR HUD优化,,,
,体验需求类,车机可自建歌单,,,
,体验需求类,热点频段可选,,,
,体验需求类,Eletre电动门,,,
,体验需求类,日间行车贯穿尾灯,,,
,体验需求类,新增档位功能,挂D挡后激活AVM,,
,体验需求类,续航里程焦虑,,,
,体验需求类,充电速度显示增加功率KW可选,,,
,体验需求类,侧面障碍物报警,,,
,体验需求类,触摸门把手自动关门并闭锁,,,
,体验需求类,新增档位功能,R挡时音乐降音,,
,体验需求类,新增档位功能,P挡后呈现门窗操作窗口,,
,体验需求类,车机显示的电耗与实际不符,,,
,体验需求类,PSD更多功能,歌词一直残留在PSD，不能回到主界面,,
,体验需求类,行车记录仪需求,行车记录仪打开后可以记忆,,
,体验需求类,音乐不支持杜比时，自动切换到最高音质,,,
,体验需求类,U盘文件目录不显示,,,
,体验需求类,增加RAS平行车手驾驶距离,,,
,体验需求类,快捷指令,,,
,体验需求类,新增档位功能,挂D档时不显示地图,,
,体验需求类,auto hold功能优化,,,
,体验需求类,流媒体后视镜视觉死角,,,
,体验需求类,新增档位功能,挂P档自动弹出门把手,,
,体验需求类,Emira车型carplay,,,
,体验需求类,停车后雷达停止报警,,,
,体验需求类,尾翼调节角度选择,,,
,体验需求类,手势操作,,,
,体验需求类,声音标定问题（海外）,,,
,体验需求类,结合路况动能回收等级实时变化,,,
,体验需求类,语音控制carplay（海外）,,,
,体验需求类,地图导航优化,手机导航路线传送至车机（海外）,,
,体验需求类,方控调节音量调节焦点不固定,,,
,体验需求类,手机APP建议,手机app座椅加热功能必须等待上个操作完成（海外）,,
,体验需求类,预约出行使用充电桩预热,,,
,体验需求类,自定义设置,自定义查询能耗曲线（海外）,,
,体验需求类,不支持运通信用卡绑定（海外）,,,
,体验需求类,智驾建议,自动驾驶提示接管车辆与方向盘未握提醒分不清,,
,体验需求类,EMEYA HUD不清晰,,,
,体验需求类,开门后媒体音量变小,,,
,体验需求类,模拟声浪（海外）,,,
,体验需求类,新增可下载 Lotus APP国家（海外）,,,
,体验需求类,歌词位置可固定,,,
,体验需求类,悬架高度记忆（海外）,,,
,体验需求类,屏幕亮度手动调整,,,
,体验需求类,转向灯声音廉价（海外）,,,
,体验需求类,PSD更多功能,PSD音量控制（海外）,,
,体验需求类,收音机收藏夹滚动播放（海外）,,,
,体验需求类,离车落锁考虑车内乘员,,,
,体验需求类,使用牵引杆时，HWA不工作(海外）,,,
,体验需求类,哨兵模式需求增加项,白天模式视觉差，颜色单调饱满度不足,,
,体验需求类,模拟声浪外放,,,
,体验需求类,自定义设置,解锁距离自定义,,
,体验需求类,两步解锁适用靠近解锁,,,
,体验需求类,远程Ready启动,,,
,体验需求类,充电历史查询（海外）,,,
,体验需求类,能量回收挡位设置不记忆（海外）,,,
,体验需求类,手机APP建议,手机APP车内温度设置响应时间长（海外）,,
,体验需求类,车模黄色背景夜间刺眼（海外）,,,
,体验需求类,离车落锁（海外）,,,
,体验需求类,内外饰硬件升级,仪表台区域反光,,
,体验需求类,Emeya车型Carplay,,,
,体验需求类,哨兵模式需求增加项,哨兵模式畸变,,
,体验需求类,Carplay(海外),,,
,体验需求类,HUD不跟随系统设置成miles,,,
,体验需求类,显示贴近实际的续航（海外）,,,
,体验需求类,开门后媒体音量变小（海外）,,,
,体验需求类,预约定时充电（海外）,,,
,体验需求类,行车记录仪需求,行车记录仪（海外）,,
,体验需求类,车机端蔚来超充桩搜索,,,
,体验需求类,自定义设置,方向盘按键自定义,,
,体验需求类,增加更高品质音质,,,
,体验需求类,手机实时查看车辆周边环境（海外）,,,
,体验需求类,充电前可自主进行电池包加热（海外）,,,
,体验需求类,充电前可自主进行电池包加热,,,
,体验需求类,窄位提升,,,
,体验需求类,车道偏离报警过于频繁（海外）,,,
,体验需求类,钥匙建议,三角钥匙馈电提醒（海外）,,
,体验需求类,通过设定限速值自动限速（海外）,,,
,体验需求类,手机APP建议,手机APP远程更改慢充速度（海外）,,
,体验需求类,LKA及速度警告快捷关闭（海外）,,,
,体验需求类,倒车功能建议,倒车影像不清晰,,
,体验需求类,地图导航优化,导航沿途规划权益充电,,
,体验需求类,电吸门及门把手防夹,,,
,体验需求类,语音功能支持GPT,,,
,体验需求类,倒车功能建议,倒车AEB,,
,体验需求类,哨兵模式需求增加项,哨兵模式手机app查看,,
,体验需求类,模拟声浪,,,
,体验需求类,遥控直进直出,,,
,体验需求类,离车落锁,,,
,体验需求类,钥匙建议,钥匙耗电快,,
,体验需求类,更多品牌手机数字钥匙,华为/安卓手机数字钥匙（海外）,,
,体验需求类,取消自动充电至30%（海外）,,,
,体验需求类,倒车功能建议,倒车影像可选视角（含轮毂视角）,,
,体验需求类,充电建议,预约定时充电,,
,体验需求类,网络浏览器（海外）,,,
,体验需求类,增加模式,宠物模式（海外）,,
,体验需求类,增加模式,哨兵模式（海外）,,
,体验需求类,充电功率可调整（海外）,,,
,体验需求类,钥匙建议,三角钥匙耗电快（海外）,,
,体验需求类,充电枪插在车上，充电口盖会合盖(海外）,,,
,体验需求类,手机APP建议,充电界面显示在APP首页,,
,体验需求类,手机APP建议,APP车模颜色自定义,,
,体验需求类,手机APP建议,APP内车模车牌隐藏设置,,
,体验需求类,手机APP建议,车机APP远程启动,,
,体验需求类,手机APP建议,积分过期提醒,,
,体验需求类,手机APP建议,APP开启空调优化,,
,体验需求类,驻车舒享功能建议,,,
,体验需求类,硬件升级,防倾杆后期可加装,,
,体验需求类,充电电流设置不记忆,,,
,体验需求类,智驾建议,可识别带时间限速标识,,
,体验需求类,行车全景记录仪,行车全景记录仪,,
,体验需求类,全场景360影像功能,,,
,体验需求类,手机APP建议,App支持多国语言,,
,体验需求类,哨兵模式需求增加项,哨兵模式可记忆开关状态,,
,体验需求类,平行车手网络平稳,,,
,体验需求类,充电建议,新增站点,,
,体验需求类,手机APP建议,APP远程关闭驻车舒享,,
,体验需求类,增加模式,代驾模式,,
,体验需求类,哨兵模式需求增加项,哨兵模式耗电高,,
,体验需求类,更多语音功能,新增音色,,
,体验需求类,自定义设置,自定义按摩时长,,
,体验需求类,自定义设置,屏幕亮度自调节,完成,
,体验需求类,自定义设置,抬头显示项目自定义,,
,体验需求类,增加软开关,雷达报警软开关,,
,体验需求类,增加软开关,增加AEB软开关,,
,体验需求类,增加软开关,激光雷达软开关,,
,体验需求类,空调建议,空调一档风量太大,,
,体验需求类,泊车功能优化,向左/向右泊出,,
,体验需求类,倒车功能建议,倒车紧急制动,,
,体验需求类,智驾建议,尾灯体现智驾模式,,
,体验需求类,地图导航优化,导航屏幕不居中,,
,服务类,订单取消/退款,自身原因取消订单,经济、转移订单等情况,
,服务类,订单取消/退款,取消订单原因不明确,,
,服务类,订单取消/退款,因质量问题要求退车,,
,服务类,订单取消/退款,因权益问题要求退定,,
,服务类,订单取消/退款,因配置问题要求退定,,
,服务类,订单取消/退款,询问催促退款进度,,
,服务类,闪充机制问题,闪充取消预约抱怨,,
,服务类,闪充机制问题,免费闪充权益升级导致部分车主不满,,
,服务类,闪充机制问题,闪充预约机制不合理,,
,服务类,闪充机制问题,超时占位费问题,,
,服务类,试驾体验不良,试驾路线拥堵,,
,服务类,试驾体验不良,试驾路程/时间短,,
,服务类,试驾体验不良,试驾路线与预期不符,,
,服务类,试驾体验不良,试驾讲解不主动/专业,,
,服务类,试驾体验不良,试驾专员驾驶水平差,,
,服务类,销售服务问题,保险服务问题,,
,服务类,销售服务问题,销售服务响应不及时,,
,服务类,销售服务问题,销售服务差,介绍、接待、交流等,
,服务类,销售服务问题,交付体验差,,
,服务类,售后服务问题,缺少售后服务,,
,服务类,售后服务问题,售后服务响应不及时,,
,服务类,售后服务问题,维修/备件时间长,,
,服务类,售后服务问题,维保服务,,
,服务类,售后服务问题,保养做完后车辆及APP仍然提示保养,,
,服务类,交付问题,整车交付时间不明确,,
,服务类,交付问题,整车交付时间长,,
,服务类,交付问题,交付资料/配件不全,,
,服务类,交付问题,整车交付状态不良,,
,服务类,销售承诺未能兑现,相关权益未兑现,智驾包、家充桩等,
,服务类,销售承诺未能兑现,承诺交付日期无法交车,,
,服务类,积分发放问题,积分过期,,
,服务类,积分发放问题,积分补偿,,
,服务类,积分发放问题,积分未到账,,
,产品质量类,AD4问题,AEB触发异常,,
,产品质量类,AD4问题,辅助驾驶异常,,
,产品质量类,AD4问题,泊车异常,,
,产品质量类,AD4问题,雷达异常,,
,产品质量类,电子电器问题,影像异常问题,,
,产品质量类,AD4问题,导航异常,,
,产品质量类,AD4问题,疲劳警告过于频繁,,
,产品质量类,AD4问题,ADView界面黑屏,大模型,
,产品质量类,座舱问题,行车日志里程和平均车速不准确,,
,产品质量类,座舱问题,音乐APP自发切换,,
,产品质量类,座舱问题,收音机工作异常,,
,产品质量类,座舱问题,文言错误或语音错误,,
,产品质量类,座舱问题,CSD/HUD屏异常问题,去除,
,产品质量类,座舱问题,Android Auto连接不良,,
,产品质量类,座舱问题,座椅问题,,
,产品质量类,座舱问题,仪表问题,,
,产品质量类,座舱问题,蓝牙异常,,
,产品质量类,座舱问题,语音异常,,
,产品质量类,座舱问题,Carplay异常,,
,产品质量类,座舱问题,车机异常,车机黑卡死,
,产品质量类,座舱问题,网络问题,,
,产品质量类,座舱问题,导航内置充电桩信息错误,,
,产品质量类,座舱问题,消息问题,,
,产品质量类,异响问题,刹车异响,,
,产品质量类,异响问题,悬架异响,,
,产品质量类,异响问题,启动时异响,,
,产品质量类,异响问题,底盘异响,,
,产品质量类,异响问题,转弯时异响,,
,产品质量类,异响问题,方向机异响,,
,产品质量类,异响问题,半轴异响,,
,产品质量类,异响问题,车内中控异响,,
,产品质量类,异响问题,换挡杆异响,,
,产品质量类,异响问题,座椅调节异响,,
,产品质量类,异响问题,门板异响,,
,产品质量类,异响问题,车辆内饰异响,,
,产品质量类,异响问题,方向盘异响,,
,产品质量类,异响问题,尾翼开关异响,,
,产品质量类,异响问题,雨刮异响,,
,产品质量类,异响问题,车轮异响,,
,产品质量类,异响问题,行车异响,,
,产品质量类,异响问题,空调异响,,
,产品质量类,异响问题,尾门异响,,
,产品质量类,异响问题,压缩机异响,,
,产品质量类,异响问题,车门开启异响,,
,产品质量类,异响问题,轴承异响,,
,产品质量类,异响问题,主动稳定杆异响,,
,产品质量类,故障告警,动力系统故障,,
,产品质量类,动力异常,动力受限,,
,产品质量类,车门问题,车门关闭状态与实际不一致,,
,产品质量类,车门问题,主驾车门把手无法拉开,,
,产品质量类,车门问题,车门难关,,
,产品质量类,车门问题,后备箱降低功能异常,,
,产品质量类,车门问题,后备箱异常,,
,产品质量类,车门问题,门把手卡滞,,
,产品质量类,车门问题,脚踢开门成功率低,,
,产品质量类,底盘问题,悬架异常,,
,产品质量类,底盘问题,行驶过程中悬架高度自行调整,,
,产品质量类,底盘问题,刹车制动失效,,
,产品质量类,故障告警,灯光告警,,
,产品质量类,故障告警,ESC故障报警,,
,产品质量类,故障告警,TPMS故障,,
,产品质量类,故障告警,转向故障,,
,产品质量类,故障告警,安全气囊故障警告,,
,产品质量类,OTA更新问题,OTA更新不顺畅,,
,产品质量类,OTA更新问题,未收到OTA更新推送,,
,产品质量类,OTA更新问题,OTA后HUD不显示,,
,产品质量类,OTA更新问题,OTA后软件更新后语音默认为男性，且设置不记忆,,
,产品质量类,OTA更新问题,OTA后屏幕亮度不舒适,,
,产品质量类,OTA更新问题,OTA后Spotify网络连接异常,,
,产品质量类,OTA更新问题,OTA后泊车异常(找不到泊车按钮等）,,
,产品质量类,OTA更新问题,OTA后辅助驾驶异常（自动变道不记忆）,,
,产品质量类,OTA更新问题,OTA后蓝牙电话故障,,
,产品质量类,OTA更新问题,OTA后carplay功能异常（电话卡顿、声文转换功能异常等）,,
,产品质量类,OTA更新问题,OTA后车辆无法启动,,
,产品质量类,OTA更新问题,OTA无法按预约时间安装,,
,产品质量类,OTA更新问题,OTA未修复之前错误,,
,产品质量类,Emira问题,Emira油漆起泡,,
,产品质量类,Emira问题,Emira发动机故障,,
,产品质量类,Emira问题,Emira转向故障,,
,产品质量类,Emira问题,Emira 无Carplay功能,,
,产品质量类,Emira问题,Emira V6测试动力不足,,
,产品质量类,Emira问题,Emira坡道保持功能故障,,
,产品质量类,Emira问题,Emira蓄电池异常亏电，不能启动,,
,产品质量类,Emira问题,Emira变速箱故障,,
,产品质量类,Emira问题,Emira生锈,,
,产品质量类,钥匙问题,三角钥匙不工作,,
,产品质量类,钥匙问题,三角钥匙耗电异常,,
,产品质量类,钥匙问题,卡片钥匙失效,,
,产品质量类,钥匙问题,数字钥匙失效,,
,产品质量类,钥匙问题,数字钥匙靠近不解锁/不灵敏,,
,产品质量类,钥匙问题,数字钥匙不能启动车辆,去除,
,产品质量类,钥匙问题,数字钥匙创建分享失败,,
,产品质量类,钥匙问题,离车不落锁,,
,产品质量类,钥匙问题,自发解锁落锁,,
,产品质量类,LFC问题,闪充站问题,,
,产品质量类,LFC问题,家充桩问题,,
,产品质量类,LFC问题,三方充电站问题,,
,产品质量类,LFC问题,闪充站维护,,
,产品质量类,APP问题,APP显示错误的状态,,
,产品质量类,APP问题,APP上有角标，但打开后不知在哪处理,,
,产品质量类,APP问题,APP提示尾门未关,,
,产品质量类,APP问题,手机APP显示为演示模式,,
,产品质量类,APP问题,手机APP地址不能发送到车机导航,,
,产品质量类,APP问题,手机APP不能控制空调,,
,产品质量类,APP问题,手机APP车控不工作,,
,产品质量类,APP问题,手机APP无法连接汽车,,
,产品质量类,APP问题,手机APP反应迟钝,,
,产品质量类,APP问题,手机APP无法登录,,
,产品质量类,APP问题,手机APP底部分类与手机控制按钮重叠,,
,产品质量类,APP问题,不显示智驾总里程,,
,产品质量类,灯类故障,后尾灯闪烁,,
,服务类,订单取消/退款,交付时间原因取消订单,,
,产品质量类,钥匙问题,无法解锁，打不开车门,去除,
,产品质量类,故障告警,制动故障灯告警,,
,服务类,销售服务问题,用户权益,销售,
,产品质量类,LFC问题,充电功率低/慢,,
,服务类,销售服务问题,营销宣传差,,
,产品质量类,故障告警,仪表报警,,
,服务类,售后服务问题,售后维修质量差,,
,服务类,售后服务问题,商城服务,,
,产品质量类,故障告警,换挡系统告警,,
,产品质量类,外饰问题,天幕开裂,,
,产品质量类,Emira问题,Emira后备箱漏水,,
,服务类,车品商城问题,ETC服务,,
,服务类,车品商城问题,商品少发,,
,服务类,车品商城问题,商品质量差,,
,服务类,车品商城问题,商品退货退款,,
,产品质量类,Emira问题,Emira油箱盖无法打开,,
,产品质量类,APP问题,文言错误,,
,产品质量类,故障告警,冷却液报警,,
,产品质量类,车端充电问题,车端充电慢,,
,产品质量类,Emira问题,Emira玻璃划伤,,
,产品质量类,故障告警,刹车片报警,,
,产品质量类,故障告警,充电故障,,
,产品质量类,车端充电问题,无法充电,,
,产品质量类,外饰问题,后视镜下翻未复位,,
,产品质量类,底盘问题,转弯晃动,,
,产品质量类,内饰问题,顶棚漏水,,
,产品质量类,故障告警,蓄电池故障告警,,
,产品质量类,车门问题,电吸门无法自动吸合,,
,服务类,销售服务问题,对销售政策不满,,
,服务类,车品商城问题,发货时间慢,,
,产品质量类,外饰问题,色差,,
,产品质量类,电子电器问题,空调异常,,
,产品质量类,电子电器问题,哨兵模式异常,,
,产品质量类,座舱问题,副驾屏异常,,
,产品质量类,APP问题,高阶智能驾驶无法学习,,
,产品质量类,电子电器问题,后排屏异常,,
,产品质量类,座舱问题,导航定位漂移,,
,产品质量类,AD4问题,智驾异常,,
,产品质量类,AD4问题,生命探测异常,,
,产品质量类,座舱问题,氛围灯不亮,,
,服务类,销售服务问题,公充权益取消导致抱怨,,
,产品质量类,Emira问题,Emira车机导航无法使用,,
,产品质量类,座舱问题,QQ音乐播放异常,,
,产品质量类,座舱问题,PSD屏异常问题,,
,产品质量类,APP问题,APP无法查看配置下定,,
,产品质量类,APP问题,无法绑定充电卡,,
,产品质量类,电子电器问题,方向盘加热异常,,
,产品质量类,电子电器问题,驾驶模式无法调节,,
,产品质量类,车门问题,副驾屏幕无软开关,,
,产品质量类,Emira问题,Emira异响,,
,产品质量类,APP问题,无法扫码,,
,产品质量类,外饰问题,门把手掉落,,
,产品质量类,APP问题,APP升级异常，无法正常使用,,
,服务类,售后服务问题,服务体验不佳,,
,产品质量类,故障告警,变速箱故障,,
,产品质量类,内饰问题,仪表台反光,,
,产品质量类,异响问题,座椅异响,,
,产品质量类,底盘问题,刹车抖动或高频顿挫,,
,产品质量类,车门问题,车门无法打开,,
,产品质量类,APP问题,充电时APP界面没有功率、电压等数据显示,,
,产品质量类,电子电器问题,车辆锁车时，车灯偶发不熄灭,,
,产品质量类,底盘问题,主动侧倾控制系统弹窗临时降级,,
,服务类,销售承诺未能兑现,车辆配置不一致,,
,产品质量类,电子电器问题,空调异味,,
,产品质量类,座舱问题,方向盘无法接听电话,,
,服务类,销售服务问题,车款问题,,
,产品质量类,Evora问题,Evora无法锁挡,,
,产品质量类,内饰问题,座椅不舒适,,
,服务类,车品商城问题,新品建议,,
,产品质量类,车门问题,灵动门异常,,
,产品质量类,座舱问题,蓝牙和Carplay音乐互相切换声音变化大,,
,产品质量类,外饰问题,充电口盖异常,,
,产品质量类,电子电器问题,自动驻车异常,,
,服务类,销售服务问题,交付品质问题,,
,产品质量类,电子电器问题,泊车蓝牙连接异常,,
,产品质量类,底盘问题,加速失速,,
,服务类,车品商城问题,智驾服务,,
,产品质量类,故障告警,空气悬架系统故障,,
,产品质量类,AD4问题,流媒体后视镜异常,由电子电器修改为AD4问题,
,服务类,闪充机制问题,非营业时间抱怨,,
,服务类,积分发放问题,积分发放错误,,
,产品质量类,钥匙问题,遥控泊车异常,修改为蓝牙钥匙泊车失败,
,产品质量类,车端充电问题,车辆充电盖板不开盖,,
,产品质量类,外饰问题,油漆鼓包,,
,产品质量类,底盘问题,转向助力失效,,
,产品质量类,OTA更新问题,OTA安装失败,,
,产品质量类,灯类故障,照地灯不亮,,
,产品质量类,电子电器问题,车窗升降异常,,
,产品质量类,OTA更新问题,OTA后动能回收无法调节,,
,产品质量类,APP问题,APP无车辆首付界面,,
,产品质量类,底盘问题,丢失制动力,,
,产品质量类,座舱问题,行车记录仪录制异常,,
,产品质量类,电子电器问题,进气格栅关闭异常,,
,产品质量类,外饰问题,前备箱漏水,,
,产品质量类,OTA更新问题,OTA后车内外开关门异常,,
,产品质量类,APP问题,APP提示车门未锁，实际已锁车,,
,产品质量类,座舱问题,语音切歌异常,,
,产品质量类,Emira问题,emira故障告警,,
,产品质量类,座舱问题,设备投屏异常,,
,产品质量类,Emira问题,Emira音响失效,,
,产品质量类,故障告警,换挡系统异常,,
,产品质量类,Emira问题,Emira空调故障,,
,产品质量类,电子电器问题,方向盘无法调节故障告警,,
,产品质量类,Emira问题,Emira自动刹停,,
,产品质量类,车端充电问题,车机预约充电按钮问题,,
,服务类,车品商城问题,实物与宣传不符,,
,产品质量类,APP问题,不良信息用户监管,,
,产品质量类,Evora问题,Evora无法启动,,
,产品质量类,APP问题,APP功能异常,,
,产品质量类,外饰问题,尾翼不开启,,
,产品质量类,电子电器问题,雨刮卡顿,,
,产品质量类,Emira问题,Emira无法启动,,
,产品质量类,座舱问题,无保养提示,,
,产品质量类,故障告警,低速紧急制动故障,,
,服务类,订单取消/退款,因承诺未兑现,,
,产品质量类,底盘问题,车辆跑偏,,
,产品质量类,异响问题,充电异响,,
,产品质量类,动力异常,无法挂挡,,
,产品质量类,车端充电问题,充电中断,,
,产品质量类,电子电器问题,倒车雷达异常,,
,产品质量类,异响问题,车门异响,,
,产品质量类,内饰问题,皮质问题,,
,产品质量类,Emira问题,Emira胎压报警,,
,产品质量类,APP问题,APP定位不准,,
,产品质量类,底盘问题,2.0beta版用户测试，底盘舒适降低,,
,产品质量类,APP问题,APP积分异常,,
,产品质量类,外饰问题,门把手掉漆,,
,产品质量类,车端充电问题,充电功率异常,,
,产品质量类,故障告警,制动液告警,,
,产品质量类,外饰问题,雨刷故障,,
,产品质量类,电子电器问题,天幕闪屏,,
,服务类,交付问题,MY26交付问题,,
,服务类,试驾体验不良,试驾等待时间长,,
,产品质量类,座舱问题,导航播报异常,,
,产品质量类,内饰问题,方向盘裂痕,,
,产品质量类,外饰问题,轮胎开裂、鼓包等异常,,
,产品质量类,座舱问题,音乐播放杂音,,
,服务类,售后服务问题,代步服务差,,
,产品质量类,外饰问题,尾门上饰板翘起,,
,产品质量类,异响问题,内后视镜异响,,
,产品质量类,故障告警,DCDC故障告警,,
,产品质量类,内饰问题,按摩气囊破损,,
,产品质量类,电子电器问题,后视镜异常,,
,产品质量类,电子电器问题,手刹无法解锁,,
,产品质量类,外饰问题,前机舱盖异常,,
,产品质量类,外饰问题,后备箱异常,,
,服务类,售后服务问题,道路救援车损,,
,产品质量类,电子电器问题,车辆耗电异常,,
,产品质量类,座舱问题,音乐播放异常,,
,产品质量类,外饰问题,尾翼异常,,
,产品质量类,APP问题,APP状态未更新,,
,产品质量类,Emira问题,Emira机油灯故障,,
,产品质量类,座舱问题,天幕功能记忆异常,,
,产品质量类,Emira问题,Emira冷却液报警,,
,产品质量类,座舱问题,车控无法解锁车辆,app换到座舱,
,产品质量类,电子电器问题,无线充电功能异常,座舱移到电子电器,
,产品质量类,内饰问题,扶手箱开启异常,,
,产品质量类,Emira问题,Emira扶手箱开启异常,,
,服务类,销售服务问题,金融问题,,
,产品质量类,电子电器问题,激光雷达异常,,
,产品质量类,内饰问题,方向盘按键手感异常,,
,产品质量类,内饰问题,座椅缝线不良,,
,产品质量类,内饰问题,仪表盘间隙大,,
,产品质量类,Evora问题,Evora故障告警,,
,产品质量类,Emira问题,Emira动力受限,,
,产品质量类,车端充电问题,波谷充电异常,,
,产品质量类,Evora问题,evora仪表常亮,,
,产品质量类,内饰问题,按摩功能异常,,
,产品质量类,内饰问题,后排显示屏开裂,,
,产品质量类,Exige问题,exige车辆故障,,
,产品质量类,内饰问题,阅读灯异常,,
,产品质量类,内饰问题,座椅塌陷,,
,产品质量类,内饰问题,无线充电防滑垫鼓包,,
,产品质量类,Emira问题,Emira挂档异常,,
,产品质量类,异响问题,引擎盖异响,,
,产品质量类,Emira问题,Emira蓝牙异常,,
,服务类,试驾体验不良,试驾礼品未兑现,,
,产品质量类,内饰问题,门玻漏水,,
,产品质量类,Emira问题,Emira后备箱异常,,
,服务类,试驾体验不良,试驾非预期车型,,
,产品质量类,内饰问题,按键异常,,
,产品质量类,电子电器问题,灯类故障,,
,产品质量类,Evora问题,Evora内外饰件松脱,,
,产品质量类,底盘问题,刹车软,,
,产品质量类,电子电器问题,变道辅助失效,,
,产品质量类,座舱问题,动能回收失效,,
,产品质量类,钥匙问题,钥匙不能启动车辆,,
,产品质量类,电子电器问题,充电口盖无法开启,,
,产品质量类,Emira问题,Emira门把手异常,,
,服务类,试驾体验不良,试驾建议,,
,产品质量类,OTA更新问题,OTA推送异常,,
,产品质量类,外饰问题,门把手无法打开,,
,产品质量类,故障告警,动力电池故障,,
,产品质量类,Evora问题,Evora灯类故障,,
,产品质量类,APP问题,行车日志异常,座舱移到APP,
,服务类,试驾体验不良,试驾车状态差,,
,产品质量类,灯类故障,前大灯不亮,,
,产品质量类,Emira问题,Emira车机卡顿,,
,产品质量类,电子电器问题,充电口盖开关异常,,
,产品质量类,Emira问题,Emira漏水,,
,产品质量类,APP问题,APP无法更新,,
,产品质量类,电子电器问题,雨刮异常,,
,产品质量类,底盘问题,方向盘跑偏,,
,产品质量类,APP问题,无法登陆APP,,
,产品质量类,座舱问题,HUD屏异常问题,新增（抬头显示器）,
,产品质量类,座舱问题,音响失效,新增,
,产品质量类,灯类故障,后尾灯不亮,,
,服务类,试驾体验不良,无试驾车,,
,服务类,闪充机制问题,盗卖充电权益,,
,产品质量类,Emira问题,Emira雷达故障,,
,产品质量类,电子电器问题,充电插口异常,,
,服务类,销售服务问题,直播间服务态度差,,
,产品质量类,AD4问题,AVM黑屏,360倒车影像,
,产品质量类,内饰问题,错漏装,,
,产品质量类,APP问题,APP显示车主认证未通过,,
,产品质量类,故障告警,疲劳检测系统故障,,
,产品质量类,Emira问题,Emira灯光异常,,
,产品质量类,钥匙问题,钥匙不能挂挡,,
,产品质量类,内饰问题,车机大屏不良,,
,产品质量类,APP问题,车控无法解锁车辆,,
,产品质量类,座舱问题,天气卡片模糊,,
,产品质量类,AD4问题,ADView影像错误,,
,服务类,以租代购,三方租赁车售后服务,,
,服务类,以租代购,三方租赁车质量问题,,
,产品质量类,底盘问题,驻车问题,,
,体验需求类,新增更多APP,增加Tronity APP,,
,体验需求类,OTA下载建议,OTA离车下载,,
,服务类,销售服务问题,赛道活动报名异常,,
,产品质量类,电子电器问题,按键/拨片异常,,
,产品质量类,外饰问题,雷达盖板脱落,,
,产品质量类,电子电器问题,车辆过热,,
,咨询类,产品使用咨询,,,
,咨询类,售后服务咨询,,,
,产品质量类,AD4问题,AVM异常,,
,产品质量类,底盘问题,低速刹车往前溜,,
,产品质量类,座舱问题,收音机工作异常,,
,产品质量类,座舱问题,导航异常,,
,产品质量类,AD4问题,巡航速度不稳定,,
,产品质量类,车端充电问题,充电未按设定时间点开始或停止,,
,服务类,售后服务问题,索赔等待维修时间长,,
,服务类,销售服务问题,客服电话无人响应,,
,产品质量类,内饰问题,手套箱开启异常,,
,服务类,车品商城问题,到店安装问题,,
,产品质量类,故障告警,方向盘无法调节故障告警,,
,产品质量类,座舱问题,杜比音效问题,,
,产品质量类,内饰问题,出风口调节失效,,
,产品质量类,座舱问题,无互联网连接,,
,产品质量类,座舱问题,HUD导航“Towards”翻译不正确,,
,产品质量类,OTA更新问题,收到OTA通知邮件，但车机及手机显示版本已是最新,,
,产品质量类,Emira问题,Emira内饰问题,,
,产品质量类,Emira问题,Emira蓄电池故障,,
,产品质量类,Elise问题,Elise车辆故障,,
,产品质量类,APP问题,APP闪退,,
,产品质量类,底盘问题,转向系统故障,,
,产品质量类,AD4问题,ADview断连,,
,服务类,售后服务问题,质保期时限疑问,,
,产品质量类,内饰问题,拨杆脱落,,
,产品质量类,AD4问题,平行车手异常,,
,产品质量类,钥匙问题,车辆无法识别钥匙,,
,产品质量类,内饰问题,车内漏水,,
,产品质量类,Emira问题,Emira外饰问题,,
,产品质量类,异响问题,雷达风噪,,
,产品质量类,外饰问题,后视镜防护罩脱落,,
,产品质量类,底盘问题,掉头打滑,,
,产品质量类,故障告警,后玻璃除霜不可用,,
,产品质量类,APP问题,无法使用APP操作充电,,
,产品质量类,OTA更新问题,OTA后功能消失,,
,产品质量类,Emira问题,Emira行驶左右偏移,,
,产品质量类,灯类故障,日行灯进水,,
,产品质量类,灯类故障,ADB大灯炫目,,
,产品质量类,外饰问题,灯内水渍,,
,产品质量类,车端充电问题,充电时发出警报音,,
,产品质量类,Emira问题,Emira EPB故障,,
,产品质量类,外饰问题,轮毂白斑,,
,服务类,售后服务问题,车辆保护不当,,
,产品质量类,车门问题,儿童锁无法关闭,,
,产品质量类,动力异常,逆变器故障,,
,产品质量类,车门问题,尾门踢脚开关不灵敏,,
,产品质量类,电子电器问题,车辆异常报警,,
,产品质量类,外饰问题,触摸门把手解锁功能无法使用,,
,产品质量类,外饰问题,流媒体后视镜硬件问题,,
,产品质量类,内饰问题,无线充电面板翘起,,
,产品质量类,外饰问题,前挡玻璃开裂,,
,产品质量类,Emira问题,Emira仪表黑屏,,
,产品质量类,电子电器问题,天幕自适应调节失效,,
,产品质量类,外饰问题,天幕异常,,
,服务类,售后服务问题,道路救援时间长,,
,产品质量类,电子电器问题,后扰流扩散器异常,,
,体验需求类,哨兵模式需求增加项,停车自动开启守卫模式,,
,体验需求类,行车记录仪需求,行车记录仪反光,,
,体验需求类,QQ音乐优化,臻品母带,,
,产品质量类,Emira问题,Emira泊车系统故障,,
,体验需求类,OTA建议,OTA更新内容差,,
,产品质量类,OTA更新问题,OTA后智驾失效,,
,产品质量类,OTA更新问题,OTA更新过程中断电,,
,产品质量类,OTA更新问题,OTA后车机闪屏,,
,产品质量类,OTA更新问题,OTA后能耗变高,,
,体验需求类,车机显示车内温度,,,
,产品质量类,OTA更新问题,OTA后出现智能节油,,
,服务类,车品商城问题,发错商品,,
,产品质量类,内饰问题,门板缝线不良,,
,产品质量类,故障告警,自动驻车系统故障,,
,产品质量类,异响问题,风噪,,
,产品质量类,外饰问题,门玻升降异常,,
,体验需求类,车机差,,,
,体验需求类,增加模式,单踏板模式,,
,产品质量类,电子电器问题,摄像头异常,,
,体验需求类,手机APP建议,APP可开启风挡除霜功能,,
,服务类,售后服务问题,海外流量订阅抱怨,,
,体验需求类,新增按钮,新增NFC功能按钮,,
,产品质量类,异响问题,电机异响,,
,产品质量类,外饰问题,挡泥板开裂,,
,体验需求类,新增更多APP,增加 Apple Music,,
,体验需求类,车门把手防夹手,,,
,产品质量类,Emira问题,Emira水箱问题,,
,产品质量类,Emira问题,Emira网络问题,,
,产品质量类,内饰问题,内饰甲醛超标,,
,产品质量类,外饰问题,后视镜镜片抖动,,
,产品质量类,Evora问题,Evora无法绑定钥匙,,
,体验需求类,升级陡坡缓降系统,,,
,产品质量类,外饰问题,激光雷达不喷水,,
,产品质量类,电子电器问题,无法调节天幕,,
,产品质量类,OTA更新问题,OTA升级失败,,
,产品质量类,电子电器问题,座椅调节异常,,
,产品质量类,内饰问题,车机翻转卡滞,,
,产品质量类,电子电器问题,U盘无法识别,,
,产品质量类,OTA更新问题,OTA后异响,,
,产品质量类,LFC问题,浩瀚能源问题,,
,产品质量类,动力异常,电池衰减异常,,
,体验需求类,地图导航优化,新增百度地图,,
,体验需求类,行车记录仪需求,行车记录仪全时段录制,,
,体验需求类,充电建议,充电完成后再计费,,
,产品质量类,内饰问题,车内异味,,
,产品质量类,Evora问题,Evora异响,,
,体验需求类,充电建议,增加充电桩枪线长度,,
,服务类,试驾体验不良,无智驾体验,,
,产品质量类,故障告警,AISC告警,,
,体验需求类,充电建议,离车落锁，自动闪充站无法插枪,,
,体验需求类,可调节方向盘力度,,,
,产品质量类,电子电器问题,挂挡异常,,
,体验需求类,内外饰硬件升级,轮毂多配置,,
,体验需求类,硬件升级,方向盘太轻,,
,体验需求类,增加软开关,伴我回家软开关,,
,产品质量类,内饰问题,HUD反光,,
,体验需求类,手机APP建议,取消APP强制更新,,
,产品质量类,APP问题,小组件异常,,
,产品质量类,座舱问题,温度显示有差异,,
,产品质量类,APP问题,车模颜色错误,,
,产品质量类,电子电器问题,座椅记忆失效,,
,体验需求类,方向灯拨杆太小,,,
,产品质量类,座舱问题,网易云音乐播放异常,,
,体验需求类,负氧离子净化功能开关记忆,,,
,体验需求类,智能驾驶优化,千里浩瀚h7,,
,产品质量类,座舱问题,QQ音乐无法登陆,,
,产品质量类,座舱问题,QQ音乐异常,,
,产品质量类,座舱问题,QQ音乐无网络,,
,产品质量类,座舱问题,QQ音乐提示：数据获取失败,,
,体验需求类,轮毂视角建议,轮毂视角畸变,,
,体验需求类,轮毂视角建议,轮毂视角可关闭,,
,产品质量类,OTA更新问题,OTA后网络异常,,
,产品质量类,OTA更新问题,OTA后制动系统异常,,
,体验需求类,QQ音乐优化,QQ音乐悬浮歌词,,
,体验需求类,单独解锁充电口盖,,,
,产品质量类,座舱问题,屏幕亮度调节功能无法记忆,,
,体验需求类,内外饰硬件升级,底盘氛围灯,,
,服务类,销售服务问题,门店环境差,,
,体验需求类,车机分屏显示,,,
,产品质量类,OTA更新问题,温度无显示,,
,体验需求类,增加软开关,倒车影像软开关,,
,产品质量类,OTA更新问题,语音无法使用,,
,产品质量类,OTA更新问题,导航无法使用,,
,体验需求类,倒车功能建议,倒车视角畸变,,
,体验需求类,QQ音乐优化,QQ音乐循环播放超50首,,
,服务类,销售服务问题,电话骚扰,,
,体验需求类,新增更多APP,增加 Hyper Music,,
,体验需求类,悬浮歌词,,,
,产品质量类,座舱问题,爱奇艺播放异常,,
,产品质量类,座舱问题,记忆功能异常,,
,产品质量类,故障告警,ABS故障,,
,体验需求类,行车记录仪需求,记录仪显示驾驶模式,,
,体验需求类,硬件升级,底盘优化,,
,体验需求类,QQ音乐优化,桌面歌词,,
,产品质量类,座舱问题,驱动模式异常,,
,产品质量类,内饰问题,杯托卡顿,,
,服务类,交付问题,智驾权益包未开通,,
,产品质量类,内饰问题,做工差,,
,产品质量类,电子电器问题,传感器异常,,
,产品质量类,电子电器问题,后背箱开关异常,,
,产品质量类,底盘问题,自动跳档,,
,产品质量类,座舱问题,屏幕亮度自调节失效,,
,体验需求类,手机APP建议,手机app控制尾翼,,
,体验需求类,手机APP建议,取消APP开屏广告,,
,体验需求类,车机播放音乐优化,臻品母带,,
,,,,,
,体验需求类,新增更多APP,增加酷狗音乐,,
,体验需求类,手机APP建议,行车日志数据少,,
,体验需求类,车机小组件,,,
,体验需求类,手机APP建议,APP可开启哨兵增强模式,,
,产品质量类,故障告警,亮发动机故障灯,,
,体验需求类,洗车模式建议,,,
,,,,,
,产品质量类,动力异常,电机漏油,,
,体验需求类,自定义设置,空调按键自定义,,
,产品质量类,座舱问题,车机地图界面异常,,
,产品质量类,外饰问题,轮毂涂层异常,,
,产品质量类,外饰问题,掉漆,,
,产品质量类,电子电器问题,莲花智驱异常,,
,产品质量类,电子电器问题,座椅通风功能异常,,
,体验需求类,休憩模式建议,,,
,产品质量类,座舱问题,绿灯读秒异常,,
,服务类,车品商城问题,处理效率慢,,
,服务类,试驾体验不良,试驾过程差,,
,体验需求类,车机智能化,中控屏可调节后视镜摄像头,,
,服务类,销售服务问题,赛道活动体验不佳,,
,产品质量类,座舱问题,车机屏幕显示异常,,
,产品质量类,Emira问题,Emira锁车功能异常,,
,体验需求类,UI设计建议,,,
,产品质量类,座舱问题,后排屏幕控制异常,,
,体验需求类,桌面卡片,,,
,产品质量类,电子电器问题,尾翼开关异常,,
,产品质量类,座舱问题,休憩模式异常,,
,体验需求类,车机模型自定义,,,
,体验需求类,自定义设置,自定义背景,,
,产品质量类,座舱问题,车机控制异常,,
,产品质量类,座舱问题,HUD屏显示异常,,
,体验需求类,仪表板显示优化,,,
,产品质量类,座舱问题,车型显示错误,,
,产品质量类,外饰问题,保险杠开裂,,
,产品质量类,外饰问题,玻璃起泡,,
,体验需求类,时光引擎建议,,,
,产品质量类,灯类故障,转向灯不亮,,
,产品质量类,外饰问题,摄像头盖板脱落,,
,产品质量类,底盘问题,车辆抖动,,
,产品质量类,OTA更新问题,模拟声浪行驶后生效,,
,产品质量类,座舱问题,洗车模式异常,,
,产品质量类,座舱问题,打灯无声音,,
,产品质量类,座舱问题,软开关异常,,
